,titulo,upvotes,id,comentarios,creado
0,Me paso varias veces,1126,18immwf,202,2023-12-14 21:02:37
1,Min. de Seguridad: Comunicado de prensa sobre el protocolo anti-piquetes,806,18inw2m,295,2023-12-14 22:03:41
2,"Patricia Bullrich: ""El estado no va a pagar por el uso de las fuerzas de seguridad""",592,18imn6z,253,2023-12-14 21:03:01
3,"Dirigentes del Frente de Izquierda repudiaron el nuevo protocolo de protesta social de Patricia Bullrich: ""Es absolutamente inconstitucional. El derecho a la protesta es el primero de los derechos"", che que constitucion leen ellos?",505,18ikn3r,213,2023-12-14 19:32:14
4,Lo vi por todos lados y tenia que decirlo por aca,481,18ii2gp,376,2023-12-14 17:38:10
5,Robado de FB,457,18il1lb,27,2023-12-14 19:49:49
6,"Patricia Bullrich brindó detalles del nuevo protocolo de orden público: “No vamos a permitir que usen niños como escudos""",442,18ihkve,195,2023-12-14 17:16:40
7,Notas del parche 15/12,429,18ixw23,74,2023-12-15 08:19:55
8,"Reducción de la flota de autos, venta de aviones que usaban los políticos, y suspensión de seguro de cuadros por 2 millones de dólares.",381,18j14ga,281,2023-12-15 11:18:50
9,Los jubilados que contrata C5N para que hablen en contra de Milei,349,18ipy5u,9,2023-12-14 23:50:31
