,post_id,comentario,upvotes,creado
0,18immwf,https://preview.redd.it/paqqtjkpuc6c1.jpeg?width=1065&format=pjpg&auto=webp&s=10847164cddcdb3b79c402e4525446447cd942fc,252,2023-12-14 21:42:10
1,18immwf,Pero comprate un bud√≠n entonces,202,2023-12-14 21:09:07
2,18immwf,Usted se tiene que arrepentir de lo que dijo!!,134,2023-12-14 21:48:06
3,18immwf,Que llorones,111,2023-12-14 21:14:27
4,18immwf,Que onda con la fruta abrillantada? Literal le agrega m√°s sabor al pan dulce. Me lo bajo como esnife de massarasa.,84,2023-12-14 21:52:50
5,18immwf,Qu√© clase de individuo no come pan dulce con frutas?,79,2023-12-14 21:08:26
6,18immwf,Sin fruta no es pan dulce,36,2023-12-14 22:11:43
7,18immwf,No tengo nada en contra del pan dulce con fruta. Pero el de chocolate es superior en todo sentido.,25,2023-12-14 22:36:40
8,18immwf,Pandulce con chips de chocolate > pandulce marmolado > pan dulce basicov>>>>>>>>>>>>> vivir en Gaza teniendo 5a√±os > pandulce con fruta abrillantada,16,2023-12-14 22:29:05
9,18immwf,Se le cay√≥ la falda a la nena,13,2023-12-14 22:03:54
10,18inw2m,https://preview.redd.it/usfw2siu2d6c1.jpeg?width=539&format=pjpg&auto=webp&s=22cb3395accad8436dafc8b0dfcfdafbdf0ff088,500,2023-12-14 22:27:47
11,18inw2m,el 20 lo van a transmitir en vivo? como lo veo? tengo que pedir el pack piquete?,441,2023-12-14 22:54:00
12,18inw2m,"Afortunadamente vivo en el interior y no tengo que sufrir los piquetes como los sufren en Buenos Aires, pero cuando cortan la ruta ac√° es siempre un quilombo b√°rbaro as√≠ que por mi esto esta perfecto ojal√° lo cumplan al pie de la letra.",395,2023-12-14 22:09:39
13,18inw2m,"No estoy para ilusionarme, voy a festejar el 20 cuando pueda verlo",238,2023-12-14 22:10:00
14,18inw2m,Que poetico seria que metan en cana a un gordo por prender fuego cubiertas y los zurdos con osde de caba teniendo un corto circuito,199,2023-12-14 22:06:39
15,18inw2m,"![gif](giphy|S3Ot3hZ5bcy8o|downsized)

Espero con ansias ver ese protocolo en acci√≥n.",120,2023-12-14 23:10:33
16,18inw2m,![gif](giphy|7FyMQm2vBiTjG|downsized),104,2023-12-14 22:33:05
17,18inw2m,Para esto vot√©.,103,2023-12-14 23:06:34
18,18inw2m,"Espero que a los que lleven ni√±os y mujeres les corten los planes.

Claramente no les importan mucho los nenes si te los ponen en una zona de peligro como lo es un piquete.

Una pregunta, hace una semana que no entro ac√°, que pasa el 20?",71,2023-12-14 23:31:34
19,18inw2m,"El Manifiesto para que sepan, despu√©s ser√° un ‚Äúnosotros lo advertimos‚Äù.

Se va a poner picante. 

Gracias",66,2023-12-14 22:39:24
20,18imn6z,"Creo que la idea ac√° es le mandamos la factura a los l√≠deres de las organizaciones piqueteras, como los l√≠deres de las organizaciones piqueteras no vana a pagar les iniciamos un proceso judicial por eso, se gana el proceso judicial y se dictamina que las organizaciones piqueteras tienen que pagar, son intervenidas por el estado y se les saca todos los recursos monetarios y se encarcela a los dirigentes, nadie quiere asumir como dirigente de ninguna organizaci√≥n piquetera porque pueden terminar en cana , como no hay l√≠deres se desmantelan las organizaciones, se desmantelan las organizaciones y la gente empieza a vivir un poquito m√°s en paz.",640,2023-12-14 21:18:50
21,18imn6z,Pero que filosof√≠a m√°s interesante!,255,2023-12-14 21:45:02
22,18imn6z,Le van a mandar al mapuche la factura del sueldo del gendarme que lo cago a bastonazos.,228,2023-12-14 21:22:06
23,18imn6z,Pato masterclass,157,2023-12-14 21:33:08
24,18imn6z,"Alguien del equipo de Bullrich es rediturro, o tal vez ella misma jajaja. Me robaron la idea, igual todo bien, es un placer contribuir con el pa√≠s como sea.

[https://www.reddit.com/r/argentina/comments/16aon6q/comment/jz8vg7c/?utm\_source=share&utm\_medium=web2x&context=3](https://www.reddit.com/r/argentina/comments/16aon6q/comment/jz8vg7c/?utm_source=share&utm_medium=web2x&context=3)",123,2023-12-14 21:56:38
25,18imn6z,"La filosofia interesante de bulrich era repartir palo a diestra y siniestra, me gusta",92,2023-12-14 22:15:14
26,18imn6z,q lindo seria q los caguen a palo y encima ellos tengan q garpar al q lo cago a palo .. olvidate q el 20 de dic va a haber quilombo .. no se por donde pasan pero q se agarre el mc frente al obelisco,53,2023-12-14 21:49:11
27,18imn6z,"Excelente, ni un paso atr√°s 

El pueblo los banca y los votamos para esto",38,2023-12-14 22:12:13
28,18imn6z,"No habia pasado hace unos a√±os, (creo que fu√© en la epoca de Macri) que un pelotudo fingi√≥ un auto-secuestro, se habian usado helicopteros y todo, y cuando se supo que fu√© falso todo le querian hacer pagar por todo el operativo?",26,2023-12-14 22:06:20
29,18imn6z,"El que las hace le paga el operativo a la policia federal.

Me parece perfecto,  cuando le toquen el bolsillo a los revoltosos se van a ir todos con la cola entre las patas",25,2023-12-14 23:17:50
30,18ikn3r,Cuando se enteren que en este pais no existen los derechos absolutos se cae de culo.,278,2023-12-14 19:36:12
31,18ikn3r,Son como los religiosos que se la pasan hablando de la biblia y en la puta vida leyeron ni 2 p√°ginas de la misma.,178,2023-12-14 19:39:46
32,18ikn3r,"ya explicaron que el que protesta en la plaza o en la vereda, todo bien, manga de brutos. m√°s que gozar del derecho de protestar gozan del derecho de ROMPER la PIJA a los dem√°s.",110,2023-12-14 20:02:03
33,18ikn3r,"Porque confuden cortar la circulaci√≥n a protestar, no es lo mismo",85,2023-12-14 19:57:03
34,18ikn3r,"tambien es derecho constitucional el transitar libremente por la v√≠a publica, podes protestar sin cortar una calle.",55,2023-12-14 19:40:45
35,18ikn3r,"La de Mordor , Tierra Media",49,2023-12-14 19:35:58
36,18ikn3r,Inconstitucional tambi√©n es no dejar circular libremente a quienes no manifiestan... leen e interpretan lo que a ellos les conviene...,24,2023-12-14 19:48:54
37,18ikn3r," Art√≠culo 194 del c√≥digo penal:  El  que, sin crear una situaci√≥n de peligro com√∫n, impidiere, estorbase o entorpeciere el normal funcionamiento de los transportes por tierra, agua o aire o los servicios p√∫blicos de comunicaci√≥n, de provisi√≥n de agua, de electricidad o de sustancias energ√©ticas, ser√° reprimido con prisi√≥n de 3 meses a 2 a√±os.",23,2023-12-14 21:23:50
38,18ikn3r,propongo que nos anotemos masivamente en la polic√≠a y llevemos nuestras propias cachiporras. De todas formas entre los que estamos ac√° no juntamos medio titulo terciario. siganme los buenos!,12,2023-12-14 19:48:39
39,18ikn3r,"![gif](giphy|4Z9fSEFAuxpnlBVWQx|downsized)

Los zurditos si se pusieran a leer la constituci√≥n",10,2023-12-14 20:44:14
40,18ii2gp,"Basta Adorni, ya te escuchamos a la ma√±ana.",459,2023-12-14 18:15:50
41,18ii2gp,Adorni anotando..,336,2023-12-14 17:55:08
42,18ii2gp,"son a√±os de subir el salario artificialmente con controles de precios, por culpa de la destrucci√≥n del salario real

el tema es que subir el salario real y bajar la inflaci√≥n es jodido de hacer, requiere medidas impopulares.

M√°s f√°cil es subvencionar alguna boludez y artificialmente subir el salario. 

El problema es que no es sostenible a trav√©s del tiempo. Cuando explota vol√°s por los aires. Ahora a comer aserr√≠n y pagar la fiesta.",210,2023-12-14 17:55:10
43,18ii2gp,"Mir√° que lo vot√© a Macri y ahora a Milei... pero Macri y Caputo tambi√©n tienen la culpa junto a los kirchos, ojo. Espero que el peluca los tenga agarrados de las bolas.",117,2023-12-14 18:40:23
44,18ii2gp,"Estan tratando de hacer parecer que la crisis es consecuencia de las medidas que anunciaron hace menos de 2 dias a pesar de que es una tendencia de, como poco, el ultimo a√±o.

Ahora lloran por los jubilados cuando se estuvieron cagando de hambre por los √∫ltimos 2 a√±os como m√≠nimo. Y lo peor de todo es que ignoran el hecho de que Caputo literalmente anticip√≥ que va a haber un aumento a jubilados en las proximas medidas.

Fingen demencia con todo.",88,2023-12-14 18:34:28
45,18ii2gp,"No entiendo, la mayor√≠a de la gente gana 300 dolares mensuales, y eligi√≥ sinceramiento de precios y ajuste.
Ahora se quejan muchos, pero es lo que eligieron.
Yo lo eleg√≠ para sacar el pais adelante sabiendo que √≠bamos a cagar sangre un tiempo, en la politica hay que negociar para poder gobernar, es muy sucia y turbia y en 4 dias no lo podes resolver todo 
O negocias o no te dejan gobernar. Por suerte los tibios radichetas quedaron en silencio y los kukas lloran en la vereda, cancelaron custodia exterior de Alberto y su Flia
Ya elimin√≥ ministerio falopas y se congelo el sueldo estatal a 2023 por todo el 2024.
Entonces? No vieron lo calientes que estan en el congreso los K? 
Seamos objetivos y sinceros, elegimos esto la gran mayoria ahora afrontemos esto que se viene o en 3 a√±os hay algun K de turno para votarno, seguro kicilof o scioli.",35,2023-12-14 19:28:12
46,18ii2gp,"Milei me parece un pelotudo, pero detesto tanto al kirchnerismo que entiendo y respeto porque la gente lo voto. lo que no puedo entender, es el fanatismo de defender a un politico que, literalmente, esta llevando adelante medidas que te perjudican a vos.   
la ciencia y la historia dicen lo contrario pero, vos crees que estas medidas van a traer crecimiento a mediano/largo plazo? lo respeto tambien. celebralas cuando llegue el momento.  
hoy nos rompieron el culo a todos y, asi como nos quejamos cuando alberto o macri o cristina nos rompieron el culo con la excusa de ""la pesada herencia"", deja que nos quejemos ahora.  
vos deberias quejarte tambien, porque esto que esta pasando no es lo que te prometieron en campa√±a.",32,2023-12-14 19:43:34
47,18ii2gp,"El mismo Milei dijo que el ajuste lo iba a pagar la clase politica y que no iba a licuar el salario de la gente. 
Hacer lo que est√° haciendo lo puede hacer hasta un plomero al final, fundis a todo el mundo y empezas de 0, cu√°l es la diferencia con los anteriores?",29,2023-12-14 18:35:14
48,18ii2gp,"Sabes que justo estaba leyendo sobre esto, porque me aparecio una publicacion y quise buscar mas info, pero la info que leia me parecia re cualquiera, una pagina dice q el bondi se va a 700 otra a 1000 asi que ambas notas hablaban de un audio de Caputo asi que lo busqu√© directamente al audio para escuchar directo de la fuente.  


Y ahi mismo dice que los subsidios al transporte estan midiendo de ver si los sacan un 30% solamente, porque no se pueden sacar de golpe (que es logico con la poca guita que manejamos los argentos).  


Asi que toda la ""info"" que flota en redes es especulaci√≥n y siguen con campa√±a del miedo. Si no sale en decreto, o directo de la boca del gobierno, no les creo mucho, si quotean las fuentes como el orto y tergiversan todo para seguir pintando a peronia como al solucion.  


Asi que te entiendo con la frustraci√≥n.  


Es l√≥gico que el que viaja 5 o 6 veces por dia en bondi se va a sentir que lo est√°n haciendo pagar a √©l el ajuste, pero estamos actualmente pagando 60$ un viaje en bondi que con eso no compras ni una cajita de tic tac, o sea es un precio de mentira que nunca existio (bueno quizas en el 2010).  


Las cosas tienen que empeorar para poder mejorar, una frase del orto, pero es lo que nos toca vivir, a ver si se pueden ir acomodando los mamarrachos que deja el gobierno k",27,2023-12-14 19:24:27
49,18ii2gp,"A√∫n as√≠, no hay que ser ciegos y negar de que el mismo Milei dijo que quitar√≠a los subsidios una vez la gente tenga el poder adquisitivo para poder pagar un boleto o una tarifa de luz no subsidiada. Si tan necesario era el ajuste hubieran empezado con salarios del sector pol√≠tico digo yo",25,2023-12-14 20:35:45
50,18il1lb,https://preview.redd.it/lap6dn5cjc6c1.jpeg?width=933&format=pjpg&auto=webp&s=523ca603d79ed16d8175d8137125896be0fc0a17,90,2023-12-14 20:38:26
51,18il1lb,Ahora si que lo entendi.,85,2023-12-14 20:26:04
52,18il1lb,Apuntas apuntas y... ¬°TAC! Headshot,40,2023-12-14 20:13:12
53,18il1lb,https://preview.redd.it/yzzszgpgpc6c1.png?width=720&format=pjpg&auto=webp&s=5755d41bdb8b0008d65e4caab0a53c42766f32b4,22,2023-12-14 21:12:46
54,18il1lb,La Pata: **El Remington M24 en .338 Lapua ... convierte a cualquier Piquetero en globo de agua explotado ... denme 5000 fusiles ...**,19,2023-12-14 21:21:21
55,18il1lb,El rifle es tan potente que necesita dos miras,17,2023-12-14 21:30:32
56,18il1lb,"BOLUDO LITERALMENTE PONE EL _FOCO_ EN EL SER HUMANO ü§£ü§£ü§£ü§£ü§£ü§£

ME MUERO",16,2023-12-15 08:19:08
57,18il1lb,Habilitaron jugar con AP,15,2023-12-14 20:17:44
58,18il1lb,Ya te vas a enterar,13,2023-12-14 23:56:59
59,18il1lb,"este es bueno

/r/dankargebtina .. hola",9,2023-12-14 20:13:51
60,18ihkve,"Belloboni: ""Usemos enanos entonces""",497,2023-12-14 17:22:34
61,18ihkve,"En usa pones un pibe de escudo, te lo saca servicios sociales y te meten preso de una y te sacan el wellfare.",343,2023-12-14 17:25:55
62,18ihkve,Pongan a Jey Mammon en la retaguardia y vas a ver qu√© no queda ning√∫n pendejo.,234,2023-12-14 17:30:20
63,18ihkve,Bullrich parece mas contenta como ministra de seguridad que como presidenta.,224,2023-12-14 18:42:29
64,18ihkve,"entonces, este es el sistema que va a poner el foco en el ser humano desde una perspectiva en el que todo aquello que tiene que ver con el ser humano va a estar bajo una filosof√≠a muy interesante",199,2023-12-14 17:30:23
65,18ihkve,Capaz de esto se trataba el armar un sistema que ponga el foco en el ser humano desde una perspectiva desde que todo aquello que tenga que ver con el ser humano este bajo una filosofia muy interesante?,189,2023-12-14 17:24:03
66,18ihkve,Tira una bomba para limpiar la 9 de julio*,141,2023-12-14 17:28:01
67,18ihkve,"Ya me puedo imaginar la cantidad de zurdos ofendidos por esto, diciendo que es una dictadura que no les permitan usar a sus ni√±os de esa forma.",88,2023-12-14 17:25:21
68,18ihkve,"Imagenes exclusivas de las fuerzas celestiales meadoras combatiendo a los orcos planeros el 20

https://preview.redd.it/2wzg8bupwb6c1.jpeg?width=680&format=pjpg&auto=webp&s=a529ea2e014dcfc7ff36ba0f50950a14c653a31d",59,2023-12-14 18:31:38
69,18ihkve,"Bien ahi , nada de miedo o medidas a medias como hizo Macri en su gobierno , vayan duro y fuerte contra estos orcos , represion absoluta a esta gente",59,2023-12-14 17:36:04
70,18ixw23,Es tan innecesaria que estaba terminando de leer el texto y reci√©n ah√≠ me di cuenta que faltaba Formosa.,152,2023-12-15 08:49:52
71,18ixw23,Ojal√° el pr√≥ximo update los piqueteros todos tengan gorrito de navidad mientras protestan desde la vereda,84,2023-12-15 08:56:23
72,18ixw23,"""Piqueteros ahora spawnean en veredas"" me hizo reir mucho.",47,2023-12-15 10:14:02
73,18ixw23,"uh, me sirve. Segu√≠ informando sobre los nuevos parches. Convertite en el nuevo ""pibe de los edficios"" pero subiendo estas actualizaciones. El que sabe sabe jajaj",42,2023-12-15 10:20:09
74,18ixw23,"Siempre los devs dejando cosas afuera de los patchnotes, donde esta el nerf al transporte aereo (+100% tarifa AR), la nueva Questline ""Toto Masterclass"" que otorga como recompensa final un buff a la brecha cambiaria de -120% y el el spawneo en CABA del seasonal event ""invasi√≥n de la CGT"".   


Con estos devs no podemos",24,2023-12-15 09:14:30
75,18ixw23,"Jaja, we loco, haces el trabajo de dios",22,2023-12-15 09:07:08
76,18ixw23,"est√°n empezando a quemar el chiste, hacelo m√°s vale semanal para no cagarla",15,2023-12-15 09:14:25
77,18ixw23,"Hay un bug en la provincia de Mendoza y San Juan con altas temperaturas, por favor necesitamos que lo fixeen.",10,2023-12-15 11:21:25
78,18ixw23,"Los pibardos en la frontera del Pa√≠s aut√≥nomo de Cordoba:

![gif](giphy|yx400dIdkwWdsCgWYp|downsized)",6,2023-12-15 10:21:45
79,18ixw23,Lo de Formosa no me queda claro si es un buff o un nerf.,5,2023-12-15 09:50:42
80,18j14ga,"Basta Milei por dios. Como van a vivir nuestros diputados con un solo ch√≥fer y viajando en vuelos comerciales... 

HASTA AQUI LLEGASTE MILEI!",311,2023-12-15 11:41:03
81,18j14ga,Cuanto hay que jugarse que la supuesta ‚Äúaseguradora‚Äù termina siendo alg√∫n primo de Alberto/Massa/Christina,283,2023-12-15 11:26:42
82,18j14ga,"Chab√≥n, robaban guita con los subsidios al colectivo. Circulaban 4 en donde 3 estaban vac√≠os y as√≠ recib√≠an mas subsidios. Que bronca viejo.",145,2023-12-15 11:33:40
83,18j14ga,Alguien publiquelo en los otros subs. Va a ser el ban mas sabroso que se van a comer en sus vidas.,96,2023-12-15 12:19:50
84,18j14ga,Aplaudo de pie o7,51,2023-12-15 11:52:46
85,18j14ga,"Sentimientos encontrados con el seguro de los cuadros, pero si no van a estar accesibles mejor guardarlos en un lugar donde no se deterioren.",49,2023-12-15 11:20:52
86,18j14ga,que comiencen a rajar √±oquis para eso los votamos.,47,2023-12-15 11:32:51
87,18j14ga,"Noooooooo!!!  
Pero si el diputado en cuarentena dijo que los politicos no laburan, ellos legislan, ellos no estan para hacer esfuerzos! Que sigue, quitarles los peines de oro??!?!?!!  
Milei para ya la mano, no te metas con nuestros politicos!",22,2023-12-15 12:15:01
88,18j14ga,"Es simbolico pero esta muy bien.

Mas motosierra por favor. Mucha mas.",17,2023-12-15 13:54:39
89,18j14ga,El seguro es en pesos,15,2023-12-15 12:56:47
90,18ipy5u,"Dale que estoy medio resfriado, me haces toser jajaja",53,2023-12-15 00:27:09
91,18ipy5u,Es igual ![img](emote|t5_2qlht|2161),31,2023-12-15 00:57:58
92,18ipy5u,Me recuerda al sketch de los reidores de no hay dos sin tres que hablan cosas tragicas pero tienen que reir a la fuerza,25,2023-12-15 00:29:18
93,18ipy5u,Cuando les gana la tentaci√≥n de re√≠rse el humor aumenta un 100%,17,2023-12-15 07:18:41
94,18ipy5u,Aqui tienes tu maldito upvote!,7,2023-12-15 01:36:06
95,18ipy5u,el actor mejor pago de c5n,4,2023-12-15 14:30:38
96,18ipy5u,u/savevideo,3,2023-12-15 11:02:34
97,18ipy5u,Sali a la calle,1,2023-12-15 14:24:34
